titulo,artistas,album,url
Beautiful Mistakes,"Maroon 5, Megan Thee Stallion",JORDI (Deluxe),https://music.youtube.com/watch?v=BSzSn-PRdtI
Lost,Maroon 5,JORDI (Deluxe),https://music.youtube.com/watch?v=U05fwua9-D4
Echo (feat. blackbear),Maroon 5,JORDI (Deluxe),https://music.youtube.com/watch?v=cOwlU2W3WiM
Lovesick,Maroon 5,JORDI (Deluxe),https://music.youtube.com/watch?v=zAVqPCuYN4k
Remedy (feat. Stevie Nicks),Maroon 5,JORDI (Deluxe),https://music.youtube.com/watch?v=Nfrz2UpI3jk
Seasons,Maroon 5,JORDI (Deluxe),https://music.youtube.com/watch?v=NoXU44cqetE
One Light (feat. Bantu),Maroon 5,JORDI (Deluxe),https://music.youtube.com/watch?v=F98qJgAzQpA
Convince Me Otherwise,"Maroon 5, H.E.R.",JORDI (Deluxe),https://music.youtube.com/watch?v=uzQB8X6jx9M
Nobody's Love,Maroon 5,JORDI (Deluxe),https://music.youtube.com/watch?v=7ghhRHRP6t4
Can't Leave You Alone (feat. Juice WRLD),Maroon 5,JORDI (Deluxe),https://music.youtube.com/watch?v=jWBN39Uwv7g
Memories,Maroon 5,JORDI (Deluxe),https://music.youtube.com/watch?v=SlPhMPnQ58k
Memories Remix (feat. Nipsey Hussle & YG),Maroon 5,JORDI (Deluxe),https://music.youtube.com/watch?v=RZnIz96LK6U
Button (feat. Anuel AA & Tainy),Maroon 5,JORDI (Deluxe),https://music.youtube.com/watch?v=ZyYTak2uoj0
Lifestyle (feat. Adam Levine),Jason Derulo,JORDI (Deluxe),https://music.youtube.com/watch?v=gTOYhxubOmk
Best 4 U,Maroon 5,Red Pill Blues,https://music.youtube.com/watch?v=AS9mspIw2RE
What Lovers Do (feat. SZA),Maroon 5,Red Pill Blues,https://music.youtube.com/watch?v=5Wiio4KoGe8
Wait,Maroon 5,Red Pill Blues,https://music.youtube.com/watch?v=4uTNVumfm84
Lips on You,Maroon 5,Red Pill Blues,https://music.youtube.com/watch?v=1orovF_Gqrk
Bet My Heart,Maroon 5,Red Pill Blues,https://music.youtube.com/watch?v=0DdObOQ3pZE
Help Me Out,"Maroon 5, Julia Michaels",Red Pill Blues,https://music.youtube.com/watch?v=JA2JdSP7wyg
Who I Am (feat. LunchMoney Lewis),Maroon 5,Red Pill Blues,https://music.youtube.com/watch?v=ZtNsV27EYw0
Whiskey (feat. A$AP Rocky),Maroon 5,Red Pill Blues,https://music.youtube.com/watch?v=B9zTaNZ_n5s
Girls Like You,Maroon 5,Red Pill Blues,https://music.youtube.com/watch?v=aJOTlE1K90k
Closure,Maroon 5,Red Pill Blues,https://music.youtube.com/watch?v=eRfQfej1DhY
Maps,Maroon 5,V,https://music.youtube.com/watch?v=NmugSMBh_iI
Animals,Maroon 5,V,https://music.youtube.com/watch?v=qpgTC9MDx1o
It Was Always You,Maroon 5,V,https://music.youtube.com/watch?v=IIhsT0pu8qM
Unkiss Me,Maroon 5,V,https://music.youtube.com/watch?v=Lr6p4V4B2BU
Sugar,Maroon 5,V,https://music.youtube.com/watch?v=09R8_2nJtjg
Leaving California,Maroon 5,V,https://music.youtube.com/watch?v=m4HvYhLVlDE
In Your Pocket,Maroon 5,V,https://music.youtube.com/watch?v=NGZ1lQkJwT0
New Love,Maroon 5,V,https://music.youtube.com/watch?v=DlZTFxRTjtc
Coming Back For You,Maroon 5,V,https://music.youtube.com/watch?v=RIMbJhaMMzA
Feelings,Maroon 5,V,https://music.youtube.com/watch?v=ncSwBduXiBE
My Heart Is Open (feat. Gwen Stefani),Maroon 5,V,https://music.youtube.com/watch?v=ku43Ue_Wv-U
This Summer,Maroon 5,V,https://music.youtube.com/watch?v=Wa64gOwuIyE
One More Night,Maroon 5,Overexposed,https://music.youtube.com/watch?v=fwK7ggA3-bU
Payphone (feat. Wiz Khalifa),Maroon 5,Overexposed,https://music.youtube.com/watch?v=KRaWnd3LJfs
Daylight,Maroon 5,Overexposed,https://music.youtube.com/watch?v=N17FXwRWEZs
Lucky Strike,Maroon 5,Overexposed,https://music.youtube.com/watch?v=zxhSyrjdnw8
The Man Who Never Lied,Maroon 5,Overexposed,https://music.youtube.com/watch?v=AODkykIHuF4
Love Somebody,Maroon 5,Overexposed,https://music.youtube.com/watch?v=MU8B4XDI3Uw
Ladykiller,Maroon 5,Overexposed,https://music.youtube.com/watch?v=y0VcjHiQCdQ
Fortune Teller,Maroon 5,Overexposed,https://music.youtube.com/watch?v=Ies0AZbI7N4
Sad,Maroon 5,Overexposed,https://music.youtube.com/watch?v=ZEm7lvo1UI0
Tickets,Maroon 5,Overexposed,https://music.youtube.com/watch?v=dA5Vna7ZYCI
Doin’ Dirt,Maroon 5,Overexposed,https://music.youtube.com/watch?v=24Cq8U-WaWY
Beautiful Goodbye,Maroon 5,Overexposed,https://music.youtube.com/watch?v=zPM364zqxWU
One More Night (Commentary),Maroon 5,Overexposed (Commentary),https://music.youtube.com/watch?v=CxI2yqObZwc
Payphone (Commentary),Maroon 5,Overexposed (Commentary),https://music.youtube.com/watch?v=X7fWGDFvhIs
Day Light (Commentary),Maroon 5,Overexposed (Commentary),https://music.youtube.com/watch?v=KBD1E9zx2VQ
Lucky Strike (Commentary),Maroon 5,Overexposed (Commentary),https://music.youtube.com/watch?v=8Oakgrg0xc0
The Man Who Never Lied (Commentary),Maroon 5,Overexposed (Commentary),https://music.youtube.com/watch?v=ovP3Mx95IsM
Love Somebody (Commentary),Maroon 5,Overexposed (Commentary),https://music.youtube.com/watch?v=jibH-LzQspQ
Lady Killer (Commentary),Maroon 5,Overexposed (Commentary),https://music.youtube.com/watch?v=d1AEFhQT5f4
Fortune Teller (Commentary),Maroon 5,Overexposed (Commentary),https://music.youtube.com/watch?v=uHzo0PSSizw
Sad (Commentary),Maroon 5,Overexposed (Commentary),https://music.youtube.com/watch?v=SCE-jGysKv4
Tickets (Commentary),Maroon 5,Overexposed (Commentary),https://music.youtube.com/watch?v=TVLNPSB2ewI
Doin' Dirt (Commentary),Maroon 5,Overexposed (Commentary),https://music.youtube.com/watch?v=CUqy3UKq-dY
Beautiful Goodbye (Commentary),Maroon 5,Overexposed (Commentary),https://music.youtube.com/watch?v=aU1Eq4MkczM
Wipe Your Eyes (Commentary),Maroon 5,Overexposed (Commentary),https://music.youtube.com/watch?v=FltIVVnmpec
Wasted Years (Commentary),Maroon 5,Overexposed (Commentary),https://music.youtube.com/watch?v=X5SENUtVUmQ
Let's Stay Together (Commentary),Maroon 5,Overexposed (Commentary),https://music.youtube.com/watch?v=QbCx4Huq1dc
Misery,Maroon 5,Hands All Over,https://music.youtube.com/watch?v=6g6g2mvItp4
Give a Little More,Maroon 5,Hands All Over,https://music.youtube.com/watch?v=BP1PsqBmbvM
Stutter,Maroon 5,Hands All Over,https://music.youtube.com/watch?v=o_m8Z0z6-DI
Don't Know Nothing,Maroon 5,Hands All Over,https://music.youtube.com/watch?v=tH23Ew8cntE
Never Gonna Leave This Bed,Maroon 5,Hands All Over,https://music.youtube.com/watch?v=ADmCFmYLns4
I Can't Lie,Maroon 5,Hands All Over,https://music.youtube.com/watch?v=i0inYedGfeg
Hands All Over,Maroon 5,Hands All Over,https://music.youtube.com/watch?v=HQEZ-RiW7X0
How,Maroon 5,Hands All Over,https://music.youtube.com/watch?v=sOtLB5lkfHY
Get Back in My Life,Maroon 5,Hands All Over,https://music.youtube.com/watch?v=Z04GbdoC6ZM
Just a Feeling,Maroon 5,Hands All Over,https://music.youtube.com/watch?v=IJ8rBYZtQIs
Runaway,Maroon 5,Hands All Over,https://music.youtube.com/watch?v=UzCcgwtvOf0
Out of Goodbyes (feat. Lady Antebellum),Maroon 5,Hands All Over,https://music.youtube.com/watch?v=umtlAZQ4mmk
If I Never See Your Face Again,Maroon 5,It Won't Be Soon Before Long (International Version),https://music.youtube.com/watch?v=19uoaAVBLto
Makes Me Wonder,Maroon 5,It Won't Be Soon Before Long (International Version),https://music.youtube.com/watch?v=sAebYQgy4n4
Little of Your Time,Maroon 5,It Won't Be Soon Before Long (International Version),https://music.youtube.com/watch?v=U_KnMbBHRTo
Wake Up Call,Maroon 5,It Won't Be Soon Before Long (International Version),https://music.youtube.com/watch?v=dkQ0OJ5Byls
Won't Go Home Without You,Maroon 5,It Won't Be Soon Before Long (International Version),https://music.youtube.com/watch?v=VlMEGBsw6j8
Nothing Lasts Forever,Maroon 5,It Won't Be Soon Before Long (International Version),https://music.youtube.com/watch?v=6ySRE_H-tJs
Can't Stop,Maroon 5,It Won't Be Soon Before Long (International Version),https://music.youtube.com/watch?v=DEPS91vhUjo
Goodnight Goodnight,Maroon 5,It Won't Be Soon Before Long (International Version),https://music.youtube.com/watch?v=uNSBq6hvU1s
Not Falling Apart,Maroon 5,It Won't Be Soon Before Long (International Version),https://music.youtube.com/watch?v=AQ3HTdWBphY
Kiwi,Maroon 5,It Won't Be Soon Before Long (International Version),https://music.youtube.com/watch?v=Oe-R_FcxtVU
Better That We Break,Maroon 5,It Won't Be Soon Before Long (International Version),https://music.youtube.com/watch?v=Q8Za78CY_qE
Back at Your Door,Maroon 5,It Won't Be Soon Before Long (International Version),https://music.youtube.com/watch?v=1uviHjK4PRQ
Until You're Over Me,Maroon 5,It Won't Be Soon Before Long (International Version),https://music.youtube.com/watch?v=n9Mv-PCzHm4
Infatuation,Maroon 5,It Won't Be Soon Before Long (International Version),https://music.youtube.com/watch?v=tT5hPLhSFKs
Losing My Mind,Maroon 5,It Won't Be Soon Before Long (International Version),https://music.youtube.com/watch?v=UP6sEtRGEkM
Harder to Breathe,Maroon 5,Songs About Jane,https://music.youtube.com/watch?v=rV8NHsmVMPE
This Love,Maroon 5,Songs About Jane,https://music.youtube.com/watch?v=XPpTgCho5ZA
Shiver,Maroon 5,Songs About Jane,https://music.youtube.com/watch?v=x0BQUVzcguU
She Will Be Loved,Maroon 5,Songs About Jane,https://music.youtube.com/watch?v=nIjVuRTm-dc
Tangled,Maroon 5,Songs About Jane,https://music.youtube.com/watch?v=RGwXUCEEJHs
The Sun,Maroon 5,Songs About Jane,https://music.youtube.com/watch?v=cnXVKlebQqc
Must Get Out,Maroon 5,Songs About Jane,https://music.youtube.com/watch?v=kSsFN8g9FBM
Sunday Morning,Maroon 5,Songs About Jane,https://music.youtube.com/watch?v=S2Cti12XBw4
Secret,Maroon 5,Songs About Jane,https://music.youtube.com/watch?v=_h8rbnZ2sKQ
Through with You,Maroon 5,Songs About Jane,https://music.youtube.com/watch?v=ZBqqfiAVol4
Not Coming Home,Maroon 5,Songs About Jane,https://music.youtube.com/watch?v=mJ8kStDAb1Y
Sweetest Goodbye,Maroon 5,Songs About Jane,https://music.youtube.com/watch?v=bHbAsss2GU8
Shiver (Live),Maroon 5,Live – Friday the 13th,https://music.youtube.com/watch?v=AqFlr4GE3wo
Through with You (Live),Maroon 5,Live – Friday the 13th,https://music.youtube.com/watch?v=5QoNPx0L3zc
Tangled (Live),Maroon 5,Live – Friday the 13th,https://music.youtube.com/watch?v=oyJPJqXTDlo
Harder to Breathe (Live),Maroon 5,Live – Friday the 13th,https://music.youtube.com/watch?v=cfocYmGEcHY
The Sun (Live),Maroon 5,Live – Friday the 13th,https://music.youtube.com/watch?v=XK8f_aXTR3g
Wasted Years (Live),Maroon 5,Live – Friday the 13th,https://music.youtube.com/watch?v=oxdAdGt0MC4
Secret / Ain't No Sunshine (Live),Maroon 5,Live – Friday the 13th,https://music.youtube.com/watch?v=eVlGHzKVrws
Not Coming Home (Live),Maroon 5,Live – Friday the 13th,https://music.youtube.com/watch?v=gapUC_Ht4u4
This Love (Live),Maroon 5,Live – Friday the 13th,https://music.youtube.com/watch?v=-1D4qEmka6w
Must Get Out (Live),Maroon 5,Live – Friday the 13th,https://music.youtube.com/watch?v=pCv3XFfGdQs
Sunday Morning (Live),Maroon 5,Live – Friday the 13th,https://music.youtube.com/watch?v=sywAmXOLaMw
Sweetest Goodbye (Live),Maroon 5,Live – Friday the 13th,https://music.youtube.com/watch?v=VHI9Ma5gaAY
Hello (Live),Maroon 5,Live – Friday the 13th,https://music.youtube.com/watch?v=vI-RDFslBx0
She Will Be Loved (Live),Maroon 5,Live – Friday the 13th,https://music.youtube.com/watch?v=_T86Fu6Uta4
This Love (Acoustic),Maroon 5,1.22.03. (Acoustic),https://music.youtube.com/watch?v=omgaFSs6f3E
Sunday Morning (Acoustic),Maroon 5,1.22.03. (Acoustic),https://music.youtube.com/watch?v=1rx8jq3QivI
She Will Be Loved (Acoustic),Maroon 5,1.22.03. (Acoustic),https://music.youtube.com/watch?v=evNYtPFGqgI
Harder To Breathe (Acoustic),Maroon 5,1.22.03. (Acoustic),https://music.youtube.com/watch?v=BglRNs12c6k
The Sun (Acoustic),Maroon 5,1.22.03. (Acoustic),https://music.youtube.com/watch?v=xXYQFFM6qj4
"If I Fell (Acoustic) [Live, The Hit Factory, NYC, 2003]",Maroon 5,1.22.03. (Acoustic),https://music.youtube.com/watch?v=JUwTodVG0DI
"Highway to Hell (Acoustic) [Live, Hamburg, Germany]",Maroon 5,1.22.03. (Acoustic),https://music.youtube.com/watch?v=REdrA3lb1Ew
California,Maroon 5,California,https://music.youtube.com/watch?v=NkDIkzI5730
All Night,Maroon 5,All Night,https://music.youtube.com/watch?v=2HCThr-qbPw
Priceless,Maroon 5,Priceless,https://music.youtube.com/watch?v=vaGf8fmtBr4
This Love,Maroon 5,Will Be Loved EP,https://music.youtube.com/watch?v=XPpTgCho5ZA
Sunday Morning,Maroon 5,Will Be Loved EP,https://music.youtube.com/watch?v=S2Cti12XBw4
It Was Always You,Maroon 5,Will Be Loved EP,https://music.youtube.com/watch?v=UzAleAoBubQ
Girls Like You,Maroon 5,Will Be Loved EP,https://music.youtube.com/watch?v=aJOTlE1K90k
She Will Be Loved,Maroon 5,Will Be Loved EP,https://music.youtube.com/watch?v=nIjVuRTm-dc
Love Somebody,Maroon 5,Will Be Loved EP,https://music.youtube.com/watch?v=MU8B4XDI3Uw
Sugar,Maroon 5,Will Be Loved EP,https://music.youtube.com/watch?v=09R8_2nJtjg
Middle Ground (feat. Mickey Guyton),Maroon 5,Middle Ground (feat. Mickey Guyton),https://music.youtube.com/watch?v=Ntc2XNAGGMQ
Middle Ground,Maroon 5,Middle Ground,https://music.youtube.com/watch?v=Ntc2XNAGGMQ
Three Little Birds,Maroon 5,Three Little Birds,https://music.youtube.com/watch?v=mUYsp5baMXo
Girls Like You (Cardi B Version) (feat. Cardi B),Maroon 5,Girls Like You (feat. Cardi B),https://music.youtube.com/watch?v=aJOTlE1K90k
Wait (feat. A Boogie wit da Hoodie),Maroon 5,Wait (feat. A Boogie wit da Hoodie),https://music.youtube.com/watch?v=4uTNVumfm84
This Summer,Maroon 5,This Summer,https://music.youtube.com/watch?v=_OMJvOPHYkE
